instance;size;weight;
BPPC_8_0_3.txt_0.4;17;6542;
BPPC_8_0_6.txt_0.7;8;3323;
BPPC_1_0_4.txt_0.5;10;778;
BPPC_4_0_2.txt_0.3;0;0;
BPPC_6_0_2.txt_0.3;16;5653;
BPPC_6_0_1.txt_0.2;21;7404;
BPPC_6_0_7.txt_0.8;5;1914;
BPPC_8_0_3.txt_0.5;12;5009;
BPPC_4_0_8.txt_0.2;0;0;
BPPC_6_0_1.txt_0.8;4;1869;
BPPC_8_0_2.txt_0.6;9;4125;
BPPC_7_0_2.txt_0.3;17;7088;
BPPC_7_0_9.txt_0.2;0;0;
BPPC_8_0_8.txt_0.4;17;6519;
BPPC_8_0_3.txt_0.6;10;4123;
BPPC_2_0_6.txt_0.2;0;0;
BPPC_7_0_4.txt_0.6;8;3449;
BPPC_7_0_10.txt_0.6;9;3585;
BPPC_5_0_7.txt_0.5;8;2839;
BPPC_4_0_4.txt_0.7;9;850;
BPPC_3_0_7.txt_0.8;6;572;
BPPC_8_0_7.txt_0.8;6;2545;
BPPC_4_0_10.txt_0.5;0;0;
BPPC_1_0_5.txt_0.7;6;534;
BPPC_3_0_9.txt_0.5;12;1055;
BPPC_3_0_10.txt_0.3;0;0;
BPPC_4_0_4.txt_0.2;0;0;
BPPC_6_0_9.txt_0.4;10;4352;
BPPC_1_0_7.txt_0.5;9;762;
BPPC_7_0_8.txt_0.4;14;5308;
BPPC_7_0_5.txt_0.1;0;0;
BPPC_8_0_1.txt_0.4;15;6520;
BPPC_5_0_8.txt_0.2;15;5538;
BPPC_8_0_10.txt_0.9;5;1998;
BPPC_1_0_6.txt_0.3;15;1230;
BPPC_5_0_5.txt_0.4;9;3477;
BPPC_5_0_1.txt_0.3;12;4357;
BPPC_4_0_8.txt_0.7;9;823;
BPPC_4_0_10.txt_0.8;7;665;
BPPC_8_0_9.txt_0.3;0;0;
BPPC_4_0_3.txt_0.2;0;0;
BPPC_3_0_7.txt_0.1;0;0;
BPPC_8_0_7.txt_0.5;13;4966;
BPPC_1_0_3.txt_0.1;32;2492;
BPPC_5_0_1.txt_0.7;5;2226;
BPPC_3_0_2.txt_0.8;6;622;
BPPC_4_0_2.txt_0.1;0;0;
BPPC_4_0_3.txt_0.9;5;484;
BPPC_1_0_10.txt_0.8;5;430;
BPPC_7_0_4.txt_0.3;18;7068;
BPPC_6_0_7.txt_0.6;7;2968;
BPPC_7_0_5.txt_0.7;8;3306;
BPPC_3_0_10.txt_0.4;15;1386;
BPPC_1_0_8.txt_0.8;4;431;
BPPC_4_0_1.txt_0.9;5;504;
BPPC_5_0_10.txt_0.4;9;3657;
BPPC_2_0_7.txt_0.6;8;791;
BPPC_6_0_9.txt_0.3;14;5546;
BPPC_8_0_4.txt_0.1;0;0;
BPPC_2_0_3.txt_0.8;6;527;
BPPC_2_0_10.txt_0.6;9;763;
BPPC_2_0_1.txt_0.2;0;0;
BPPC_5_0_8.txt_0.3;12;4294;
BPPC_4_0_9.txt_0.7;9;838;
BPPC_4_0_10.txt_0.2;0;0;
BPPC_3_0_5.txt_0.7;8;720;
BPPC_5_0_1.txt_0.5;8;2828;
BPPC_6_0_10.txt_0.2;20;7544;
BPPC_3_0_1.txt_0.2;0;0;
BPPC_5_0_3.txt_0.2;17;6042;
BPPC_2_0_9.txt_0.8;6;530;
BPPC_3_0_2.txt_0.7;8;705;
BPPC_5_0_3.txt_0.8;4;1656;
BPPC_7_0_4.txt_0.2;0;0;
BPPC_3_0_8.txt_0.7;8;726;
BPPC_6_0_3.txt_0.5;9;3688;
BPPC_2_0_9.txt_0.4;15;1262;
BPPC_8_0_8.txt_0.6;10;4329;
BPPC_3_0_8.txt_0.1;0;0;
BPPC_7_0_5.txt_0.2;0;0;
BPPC_8_0_10.txt_0.8;6;2567;
BPPC_3_0_10.txt_0.7;8;690;
BPPC_6_0_5.txt_0.1;33;12004;
BPPC_2_0_2.txt_0.7;8;693;
BPPC_7_0_9.txt_0.7;8;3007;
BPPC_7_0_6.txt_0.4;13;5337;
BPPC_1_0_1.txt_0.6;7;623;
BPPC_4_0_2.txt_0.6;11;1013;
BPPC_5_0_2.txt_0.9;4;1393;
BPPC_5_0_2.txt_0.8;4;1524;
BPPC_4_0_2.txt_0.9;5;497;
BPPC_1_0_9.txt_0.4;12;1035;
BPPC_1_0_8.txt_0.4;11;998;
BPPC_6_0_6.txt_0.4;10;4331;
BPPC_4_0_1.txt_0.4;0;0;
BPPC_4_0_10.txt_0.6;11;1015;
BPPC_8_0_7.txt_0.9;5;2070;
BPPC_1_0_8.txt_0.6;7;619;
BPPC_3_0_1.txt_0.1;0;0;
BPPC_8_0_1.txt_0.8;6;2664;
BPPC_2_0_10.txt_0.8;6;545;
BPPC_3_0_7.txt_0.5;12;1139;
BPPC_5_0_3.txt_0.6;7;2428;
BPPC_1_0_6.txt_0.1;35;2534;
BPPC_4_0_2.txt_0.2;0;0;
BPPC_8_0_8.txt_0.8;6;2716;
BPPC_4_0_3.txt_0.3;0;0;
BPPC_4_0_4.txt_0.3;0;0;
BPPC_2_0_7.txt_0.1;0;0;
BPPC_7_0_7.txt_0.9;4;1801;
BPPC_7_0_3.txt_0.1;0;0;
BPPC_5_0_4.txt_0.8;4;1672;
BPPC_2_0_1.txt_0.8;5;479;
BPPC_8_0_1.txt_0.6;10;4152;
BPPC_2_0_8.txt_0.8;6;527;
BPPC_3_0_6.txt_0.6;9;902;
BPPC_6_0_5.txt_0.6;8;3116;
BPPC_7_0_5.txt_0.9;4;1805;
BPPC_8_0_5.txt_0.2;0;0;
BPPC_8_0_10.txt_0.7;8;3359;
BPPC_2_0_2.txt_0.3;16;1489;
BPPC_4_0_1.txt_0.8;7;659;
BPPC_5_0_7.txt_0.2;16;6036;
BPPC_7_0_1.txt_0.7;7;3038;
BPPC_5_0_6.txt_0.3;11;4088;
BPPC_7_0_3.txt_0.8;5;2229;
BPPC_1_0_3.txt_0.2;20;1593;
BPPC_4_0_9.txt_0.9;5;490;
BPPC_4_0_9.txt_0.2;0;0;
BPPC_4_0_9.txt_0.3;0;0;
BPPC_5_0_5.txt_0.9;3;1298;
BPPC_3_0_4.txt_0.1;0;0;
BPPC_7_0_5.txt_0.3;18;7186;
BPPC_1_0_5.txt_0.1;33;2591;
BPPC_2_0_8.txt_0.9;4;411;
BPPC_6_0_2.txt_0.9;4;1529;
BPPC_1_0_2.txt_0.9;3;301;
BPPC_4_0_9.txt_0.4;0;0;
BPPC_4_0_6.txt_0.6;12;1069;
BPPC_8_0_1.txt_0.5;12;5063;
BPPC_3_0_8.txt_0.2;0;0;
BPPC_5_0_5.txt_0.2;16;6088;
BPPC_6_0_6.txt_0.5;9;3682;
BPPC_3_0_5.txt_0.1;0;0;
BPPC_6_0_3.txt_0.9;3;1478;
BPPC_5_0_9.txt_0.1;22;8063;
BPPC_3_0_3.txt_0.3;0;0;
BPPC_4_0_10.txt_0.9;5;518;
BPPC_6_0_1.txt_0.6;7;2757;
BPPC_3_0_1.txt_0.4;14;1374;
BPPC_1_0_10.txt_0.4;11;939;
BPPC_2_0_3.txt_0.4;14;1232;
BPPC_3_0_9.txt_0.9;5;445;
BPPC_8_0_2.txt_0.8;6;2658;
BPPC_3_0_9.txt_0.2;0;0;
BPPC_7_0_1.txt_0.2;0;0;
BPPC_8_0_8.txt_0.9;5;2167;
BPPC_1_0_2.txt_0.6;6;648;
BPPC_8_0_2.txt_0.3;0;0;
BPPC_3_0_7.txt_0.7;7;726;
BPPC_5_0_1.txt_0.2;16;5574;
BPPC_5_0_10.txt_0.2;15;5553;
BPPC_1_0_1.txt_0.3;15;1211;
BPPC_7_0_1.txt_0.1;0;0;
BPPC_3_0_8.txt_0.8;6;579;
BPPC_7_0_4.txt_0.9;4;1899;
BPPC_8_0_9.txt_0.7;8;3301;
BPPC_6_0_10.txt_0.5;9;3457;
BPPC_7_0_9.txt_0.6;9;3600;
BPPC_5_0_8.txt_0.8;4;1454;
BPPC_2_0_9.txt_0.2;0;0;
BPPC_7_0_10.txt_0.5;10;4236;
BPPC_7_0_7.txt_0.5;11;4585;
BPPC_8_0_1.txt_0.9;5;2064;
BPPC_4_0_10.txt_0.4;0;0;
BPPC_6_0_6.txt_0.1;33;11921;
BPPC_2_0_2.txt_0.5;10;921;
BPPC_6_0_2.txt_0.8;5;2048;
BPPC_3_0_3.txt_0.4;15;1390;
BPPC_1_0_2.txt_0.2;20;1570;
BPPC_1_0_5.txt_0.2;20;1684;
BPPC_8_0_6.txt_0.8;7;2772;
BPPC_5_0_6.txt_0.7;5;1836;
BPPC_2_0_5.txt_0.7;7;617;
BPPC_1_0_1.txt_0.8;5;423;
BPPC_6_0_7.txt_0.4;11;4232;
BPPC_2_0_8.txt_0.7;7;656;
BPPC_1_0_9.txt_0.2;21;1830;
BPPC_1_0_3.txt_0.4;10;941;
BPPC_7_0_5.txt_0.4;14;5608;
BPPC_5_0_10.txt_0.7;6;2018;
BPPC_8_0_5.txt_0.6;10;4106;
BPPC_4_0_5.txt_0.8;7;665;
BPPC_5_0_1.txt_0.4;9;3675;
BPPC_1_0_3.txt_0.8;4;412;
BPPC_6_0_10.txt_0.6;8;3072;
BPPC_2_0_9.txt_0.3;17;1571;
BPPC_3_0_6.txt_0.3;0;0;
BPPC_2_0_7.txt_0.3;17;1517;
BPPC_8_0_8.txt_0.5;13;5141;
BPPC_1_0_10.txt_0.1;32;2411;
BPPC_7_0_8.txt_0.9;4;1743;
BPPC_4_0_3.txt_0.8;7;670;
BPPC_6_0_10.txt_0.3;14;5565;
BPPC_6_0_6.txt_0.3;14;5563;
BPPC_8_0_4.txt_0.3;0;0;
BPPC_7_0_9.txt_0.3;19;7342;
BPPC_6_0_3.txt_0.3;14;5607;
BPPC_5_0_9.txt_0.9;3;1352;
BPPC_7_0_6.txt_0.8;6;2395;
BPPC_5_0_3.txt_0.4;9;3491;
BPPC_2_0_4.txt_0.3;18;1562;
BPPC_2_0_7.txt_0.5;10;961;
BPPC_6_0_4.txt_0.1;31;11738;
BPPC_5_0_3.txt_0.1;23;8264;
BPPC_5_0_8.txt_0.5;7;2737;
BPPC_1_0_9.txt_0.8;5;433;
BPPC_1_0_5.txt_0.4;11;981;
BPPC_7_0_6.txt_0.7;8;3330;
BPPC_4_0_5.txt_0.5;0;0;
BPPC_4_0_5.txt_0.2;0;0;
BPPC_6_0_3.txt_0.7;6;2444;
BPPC_7_0_3.txt_0.7;7;2838;
BPPC_6_0_1.txt_0.9;4;1488;
BPPC_8_0_9.txt_0.8;7;2667;
BPPC_2_0_5.txt_0.4;13;1201;
BPPC_6_0_1.txt_0.7;6;2469;
BPPC_1_0_4.txt_0.7;6;504;
BPPC_6_0_1.txt_0.3;15;5612;
BPPC_1_0_7.txt_0.9;4;347;
BPPC_4_0_7.txt_0.5;0;0;
BPPC_4_0_6.txt_0.9;5;494;
BPPC_6_0_1.txt_0.4;12;4528;
BPPC_7_0_9.txt_0.8;6;2280;
BPPC_3_0_10.txt_0.1;0;0;
BPPC_1_0_8.txt_0.1;33;2600;
BPPC_6_0_5.txt_0.5;9;3709;
BPPC_2_0_2.txt_0.6;8;776;
BPPC_8_0_5.txt_0.4;16;6348;
BPPC_1_0_8.txt_0.9;3;284;
BPPC_2_0_4.txt_0.5;12;998;
BPPC_2_0_9.txt_0.9;4;396;
BPPC_3_0_6.txt_0.1;0;0;
BPPC_4_0_5.txt_0.6;11;994;
BPPC_5_0_2.txt_0.6;6;2432;
BPPC_8_0_6.txt_0.5;12;5134;
BPPC_4_0_3.txt_0.1;0;0;
BPPC_5_0_9.txt_0.6;6;2163;
BPPC_3_0_6.txt_0.2;0;0;
BPPC_5_0_6.txt_0.9;3;1317;
BPPC_7_0_10.txt_0.7;7;2851;
BPPC_6_0_7.txt_0.5;9;3610;
BPPC_8_0_5.txt_0.5;12;5012;
BPPC_1_0_6.txt_0.6;6;611;
BPPC_5_0_4.txt_0.2;17;6262;
BPPC_3_0_10.txt_0.6;10;936;
BPPC_3_0_2.txt_0.3;0;0;
BPPC_3_0_10.txt_0.5;12;1106;
BPPC_6_0_2.txt_0.4;11;4331;
BPPC_8_0_2.txt_0.9;5;2031;
BPPC_2_0_9.txt_0.7;7;608;
BPPC_6_0_3.txt_0.2;21;7652;
BPPC_4_0_5.txt_0.3;0;0;
BPPC_5_0_4.txt_0.1;23;8214;
BPPC_8_0_7.txt_0.6;10;4219;
BPPC_3_0_6.txt_0.7;8;724;
BPPC_1_0_1.txt_0.1;33;2524;
BPPC_5_0_6.txt_0.5;7;2823;
BPPC_6_0_6.txt_0.7;6;2267;
BPPC_3_0_8.txt_0.4;16;1514;
BPPC_6_0_9.txt_0.5;9;3486;
BPPC_3_0_3.txt_0.1;0;0;
BPPC_3_0_8.txt_0.6;10;997;
BPPC_4_0_2.txt_0.8;7;670;
BPPC_8_0_3.txt_0.2;0;0;
BPPC_8_0_5.txt_0.8;6;2602;
BPPC_1_0_7.txt_0.4;11;861;
BPPC_3_0_9.txt_0.6;9;850;
BPPC_6_0_4.txt_0.6;7;2804;
BPPC_7_0_6.txt_0.2;0;0;
BPPC_3_0_4.txt_0.2;0;0;
BPPC_7_0_9.txt_0.4;14;5472;
BPPC_5_0_8.txt_0.7;5;1968;
BPPC_8_0_3.txt_0.7;8;3370;
BPPC_6_0_2.txt_0.2;20;7407;
BPPC_1_0_3.txt_0.3;15;1308;
BPPC_4_0_7.txt_0.8;7;635;
BPPC_8_0_5.txt_0.1;0;0;
BPPC_6_0_7.txt_0.9;4;1475;
BPPC_3_0_9.txt_0.7;8;751;
BPPC_6_0_3.txt_0.4;11;4233;
BPPC_5_0_7.txt_0.7;5;1938;
BPPC_3_0_4.txt_0.9;5;453;
BPPC_6_0_8.txt_0.5;9;3695;
BPPC_1_0_6.txt_0.5;8;774;
BPPC_8_0_10.txt_0.3;0;0;
BPPC_7_0_3.txt_0.4;13;5405;
BPPC_1_0_5.txt_0.9;4;334;
BPPC_2_0_6.txt_0.3;19;1492;
BPPC_5_0_1.txt_0.9;3;1267;
BPPC_8_0_7.txt_0.3;0;0;
BPPC_7_0_2.txt_0.6;10;3562;
BPPC_5_0_4.txt_0.4;9;3350;
BPPC_3_0_3.txt_0.6;10;943;
BPPC_2_0_9.txt_0.6;9;772;
BPPC_4_0_6.txt_0.5;0;0;
BPPC_3_0_3.txt_0.8;6;567;
BPPC_6_0_1.txt_0.1;33;11901;
BPPC_8_0_7.txt_0.2;0;0;
BPPC_2_0_2.txt_0.9;4;398;
BPPC_7_0_6.txt_0.6;9;3675;
BPPC_4_0_5.txt_0.9;5;499;
BPPC_2_0_5.txt_0.5;11;940;
BPPC_5_0_10.txt_0.1;24;8230;
BPPC_6_0_5.txt_0.2;19;7626;
BPPC_2_0_3.txt_0.9;4;391;
BPPC_5_0_5.txt_0.7;5;2078;
BPPC_2_0_4.txt_0.2;0;0;
BPPC_4_0_6.txt_0.7;9;824;
BPPC_8_0_10.txt_0.5;12;5145;
BPPC_1_0_9.txt_0.3;14;1212;
BPPC_3_0_9.txt_0.8;7;606;
BPPC_5_0_1.txt_0.8;4;1760;
BPPC_4_0_7.txt_0.2;0;0;
BPPC_8_0_9.txt_0.1;0;0;
BPPC_5_0_6.txt_0.6;6;2336;
BPPC_3_0_7.txt_0.3;0;0;
BPPC_2_0_6.txt_0.8;5;503;
BPPC_4_0_8.txt_0.9;5;504;
BPPC_6_0_3.txt_0.1;32;11409;
BPPC_7_0_3.txt_0.9;4;1772;
BPPC_1_0_2.txt_0.4;12;942;
BPPC_1_0_7.txt_0.6;7;627;
BPPC_6_0_6.txt_0.2;21;7829;
BPPC_2_0_1.txt_0.5;11;933;
BPPC_3_0_4.txt_0.6;10;919;
BPPC_6_0_9.txt_0.1;34;12473;
BPPC_4_0_4.txt_0.1;0;0;
BPPC_1_0_5.txt_0.6;7;633;
BPPC_3_0_8.txt_0.3;0;0;
BPPC_1_0_10.txt_0.3;14;1129;
BPPC_1_0_3.txt_0.7;6;541;
BPPC_7_0_1.txt_0.9;4;1907;
BPPC_4_0_8.txt_0.8;7;697;
BPPC_5_0_5.txt_0.5;7;2815;
BPPC_5_0_9.txt_0.3;12;4280;
BPPC_7_0_10.txt_0.2;0;0;
BPPC_4_0_1.txt_0.7;9;796;
BPPC_8_0_4.txt_0.7;8;3395;
BPPC_8_0_4.txt_0.5;12;5207;
BPPC_3_0_4.txt_0.7;8;768;
BPPC_4_0_9.txt_0.5;0;0;
BPPC_5_0_9.txt_0.5;8;3015;
BPPC_1_0_5.txt_0.8;5;418;
BPPC_4_0_8.txt_0.3;0;0;
BPPC_3_0_1.txt_0.7;8;727;
BPPC_5_0_10.txt_0.3;12;4483;
BPPC_8_0_6.txt_0.6;10;4101;
BPPC_7_0_3.txt_0.2;0;0;
BPPC_2_0_4.txt_0.9;5;424;
BPPC_2_0_10.txt_0.3;17;1523;
BPPC_2_0_4.txt_0.4;14;1199;
BPPC_2_0_7.txt_0.7;7;670;
BPPC_4_0_3.txt_0.6;11;1049;
BPPC_1_0_6.txt_0.4;11;944;
BPPC_6_0_8.txt_0.6;7;3105;
BPPC_4_0_6.txt_0.2;0;0;
BPPC_1_0_2.txt_0.1;32;2527;
BPPC_8_0_9.txt_0.4;16;6481;
BPPC_8_0_4.txt_0.6;9;4025;
BPPC_2_0_3.txt_0.1;0;0;
BPPC_2_0_3.txt_0.6;9;792;
BPPC_1_0_5.txt_0.5;9;787;
BPPC_3_0_9.txt_0.3;0;0;
BPPC_4_0_5.txt_0.1;0;0;
BPPC_3_0_1.txt_0.3;0;0;
BPPC_2_0_1.txt_0.6;9;779;
BPPC_6_0_6.txt_0.6;7;2863;
BPPC_7_0_1.txt_0.4;14;5485;
BPPC_5_0_6.txt_0.2;15;5498;
BPPC_4_0_2.txt_0.5;0;0;
BPPC_4_0_4.txt_0.8;7;662;
BPPC_2_0_10.txt_0.4;14;1191;
BPPC_2_0_1.txt_0.3;18;1534;
BPPC_3_0_1.txt_0.5;12;1119;
BPPC_1_0_6.txt_0.9;3;308;
BPPC_8_0_8.txt_0.2;0;0;
BPPC_5_0_2.txt_0.5;8;2883;
BPPC_3_0_5.txt_0.4;16;1429;
BPPC_4_0_8.txt_0.4;0;0;
BPPC_4_0_3.txt_0.4;0;0;
BPPC_6_0_10.txt_0.1;32;11992;
BPPC_7_0_7.txt_0.3;19;6923;
BPPC_4_0_2.txt_0.7;9;914;
BPPC_4_0_5.txt_0.4;0;0;
BPPC_1_0_10.txt_0.7;6;534;
BPPC_3_0_2.txt_0.2;0;0;
BPPC_4_0_7.txt_0.9;5;520;
BPPC_4_0_1.txt_0.2;0;0;
BPPC_7_0_8.txt_0.2;0;0;
BPPC_7_0_7.txt_0.2;0;0;
BPPC_7_0_1.txt_0.6;9;3542;
BPPC_1_0_4.txt_0.3;13;1283;
BPPC_6_0_4.txt_0.4;12;4530;
BPPC_8_0_10.txt_0.2;0;0;
BPPC_4_0_8.txt_0.1;0;0;
BPPC_1_0_7.txt_0.1;31;2540;
BPPC_2_0_2.txt_0.1;0;0;
BPPC_1_0_4.txt_0.9;4;334;
BPPC_3_0_9.txt_0.1;0;0;
BPPC_7_0_2.txt_0.2;0;0;
BPPC_7_0_2.txt_0.5;11;4479;
BPPC_5_0_5.txt_0.8;4;1710;
BPPC_2_0_5.txt_0.9;4;388;
BPPC_8_0_2.txt_0.5;12;5080;
BPPC_1_0_1.txt_0.4;11;947;
BPPC_5_0_4.txt_0.5;7;2711;
BPPC_5_0_4.txt_0.9;3;1215;
BPPC_6_0_2.txt_0.1;32;11871;
BPPC_2_0_2.txt_0.4;14;1208;
BPPC_7_0_4.txt_0.1;0;0;
BPPC_3_0_5.txt_0.2;0;0;
BPPC_5_0_2.txt_0.3;11;4322;
BPPC_3_0_10.txt_0.9;5;456;
BPPC_6_0_5.txt_0.7;7;2640;
BPPC_4_0_1.txt_0.5;0;0;
BPPC_1_0_4.txt_0.4;11;988;
BPPC_7_0_8.txt_0.6;10;4141;
BPPC_8_0_7.txt_0.7;8;3420;
BPPC_1_0_8.txt_0.3;16;1269;
BPPC_3_0_2.txt_0.4;15;1404;
BPPC_3_0_6.txt_0.4;15;1426;
BPPC_2_0_8.txt_0.1;0;0;
BPPC_5_0_1.txt_0.1;24;8307;
BPPC_2_0_8.txt_0.4;14;1259;
BPPC_5_0_3.txt_0.5;8;2995;
BPPC_6_0_8.txt_0.4;12;4594;
BPPC_5_0_2.txt_0.2;16;5920;
BPPC_2_0_7.txt_0.2;0;0;
BPPC_8_0_5.txt_0.3;0;0;
BPPC_7_0_7.txt_0.6;8;3473;
BPPC_1_0_10.txt_0.6;8;601;
BPPC_3_0_2.txt_0.1;0;0;
BPPC_8_0_1.txt_0.1;0;0;
BPPC_3_0_7.txt_0.9;5;462;
BPPC_7_0_4.txt_0.5;10;4550;
BPPC_5_0_7.txt_0.6;6;2495;
BPPC_4_0_1.txt_0.3;0;0;
BPPC_1_0_6.txt_0.7;6;500;
BPPC_6_0_4.txt_0.9;4;1540;
BPPC_8_0_3.txt_0.9;5;2163;
BPPC_2_0_9.txt_0.5;11;965;
BPPC_6_0_8.txt_0.2;20;7903;
BPPC_7_0_9.txt_0.1;0;0;
BPPC_8_0_7.txt_0.4;15;6459;
BPPC_1_0_8.txt_0.2;20;1600;
BPPC_6_0_8.txt_0.9;3;1407;
BPPC_1_0_10.txt_0.9;4;370;
BPPC_8_0_9.txt_0.2;0;0;
BPPC_7_0_3.txt_0.5;11;4325;
BPPC_8_0_1.txt_0.7;9;3365;
BPPC_6_0_10.txt_0.9;4;1600;
BPPC_3_0_5.txt_0.3;0;0;
BPPC_7_0_9.txt_0.9;4;1740;
BPPC_3_0_2.txt_0.9;5;437;
BPPC_4_0_7.txt_0.4;0;0;
BPPC_3_0_9.txt_0.4;15;1439;
BPPC_7_0_4.txt_0.4;13;5378;
BPPC_8_0_10.txt_0.6;10;4026;
BPPC_2_0_10.txt_0.2;0;0;
BPPC_6_0_7.txt_0.1;32;12422;
BPPC_7_0_6.txt_0.9;4;1703;
BPPC_8_0_8.txt_0.7;8;3326;
BPPC_7_0_7.txt_0.8;5;2267;
BPPC_3_0_1.txt_0.6;10;935;
BPPC_5_0_3.txt_0.9;3;1314;
BPPC_1_0_1.txt_0.2;20;1601;
BPPC_7_0_10.txt_0.1;0;0;
BPPC_8_0_2.txt_0.4;16;6488;
BPPC_6_0_5.txt_0.4;11;4404;
BPPC_2_0_10.txt_0.5;11;913;
BPPC_7_0_2.txt_0.8;6;2286;
BPPC_1_0_4.txt_0.1;32;2545;
BPPC_8_0_10.txt_0.1;0;0;
BPPC_7_0_8.txt_0.1;0;0;
BPPC_1_0_7.txt_0.7;6;547;
BPPC_2_0_8.txt_0.6;9;793;
BPPC_5_0_1.txt_0.6;6;2257;
BPPC_8_0_4.txt_0.2;0;0;
BPPC_8_0_6.txt_0.9;5;2153;
BPPC_2_0_2.txt_0.2;0;0;
BPPC_2_0_8.txt_0.2;0;0;
BPPC_6_0_9.txt_0.2;20;7452;
BPPC_4_0_1.txt_0.1;0;0;
BPPC_4_0_6.txt_0.8;7;678;
BPPC_6_0_5.txt_0.3;14;5560;
BPPC_1_0_7.txt_0.3;14;1228;
BPPC_5_0_7.txt_0.9;3;1249;
BPPC_3_0_7.txt_0.6;10;938;
BPPC_3_0_3.txt_0.7;8;758;
BPPC_6_0_8.txt_0.3;15;5707;
BPPC_5_0_9.txt_0.2;16;6118;
BPPC_4_0_2.txt_0.4;0;0;
BPPC_5_0_8.txt_0.4;9;3238;
BPPC_2_0_4.txt_0.8;5;495;
BPPC_8_0_7.txt_0.1;0;0;
BPPC_2_0_7.txt_0.9;4;396;
BPPC_4_0_3.txt_0.5;0;0;
BPPC_3_0_4.txt_0.4;15;1412;
BPPC_8_0_9.txt_0.6;10;3942;
BPPC_2_0_5.txt_0.2;0;0;
BPPC_1_0_9.txt_0.6;7;595;
BPPC_4_0_6.txt_0.3;0;0;
BPPC_2_0_7.txt_0.4;13;1252;
BPPC_4_0_9.txt_0.6;11;1030;
BPPC_1_0_1.txt_0.9;4;325;
BPPC_4_0_3.txt_0.7;9;826;
BPPC_6_0_6.txt_0.8;5;2105;
BPPC_6_0_5.txt_0.8;5;2013;
BPPC_7_0_7.txt_0.7;7;2862;
BPPC_7_0_2.txt_0.1;0;0;
BPPC_3_0_3.txt_0.9;5;433;
BPPC_8_0_6.txt_0.1;0;0;
BPPC_7_0_1.txt_0.5;10;4511;
BPPC_4_0_9.txt_0.8;7;707;
BPPC_1_0_6.txt_0.2;20;1538;
BPPC_5_0_4.txt_0.6;6;2468;
BPPC_6_0_8.txt_0.1;32;11501;
BPPC_3_0_8.txt_0.9;5;443;
BPPC_4_0_8.txt_0.6;11;1034;
BPPC_7_0_5.txt_0.6;8;3465;
BPPC_6_0_4.txt_0.8;5;1862;
BPPC_8_0_1.txt_0.3;0;0;
BPPC_8_0_8.txt_0.1;0;0;
BPPC_8_0_5.txt_0.7;8;3256;
BPPC_4_0_1.txt_0.6;11;1025;
BPPC_1_0_4.txt_0.8;5;496;
BPPC_5_0_7.txt_0.8;4;1550;
BPPC_8_0_6.txt_0.4;15;6447;
BPPC_7_0_6.txt_0.1;0;0;
BPPC_6_0_5.txt_0.9;4;1476;
BPPC_1_0_7.txt_0.8;5;404;
BPPC_5_0_10.txt_0.6;6;2221;
BPPC_1_0_8.txt_0.5;9;743;
BPPC_8_0_3.txt_0.8;6;2495;
BPPC_2_0_1.txt_0.7;7;649;
BPPC_5_0_9.txt_0.8;4;1811;
BPPC_2_0_3.txt_0.5;11;995;
BPPC_7_0_1.txt_0.3;19;7183;
BPPC_6_0_2.txt_0.6;8;2820;
BPPC_2_0_9.txt_0.1;0;0;
BPPC_5_0_4.txt_0.3;12;4455;
BPPC_3_0_1.txt_0.9;5;449;
BPPC_7_0_7.txt_0.4;13;5474;
BPPC_2_0_5.txt_0.1;0;0;
BPPC_3_0_10.txt_0.2;0;0;
BPPC_4_0_4.txt_0.6;12;1054;
BPPC_1_0_6.txt_0.8;5;449;
BPPC_2_0_3.txt_0.7;7;692;
BPPC_8_0_2.txt_0.2;0;0;
BPPC_2_0_10.txt_0.9;4;422;
BPPC_4_0_10.txt_0.1;0;0;
BPPC_7_0_1.txt_0.8;6;2295;
BPPC_2_0_8.txt_0.3;19;1660;
BPPC_5_0_8.txt_0.6;6;2620;
BPPC_6_0_3.txt_0.8;4;1853;
BPPC_7_0_3.txt_0.3;20;7694;
BPPC_8_0_4.txt_0.4;16;6467;
BPPC_3_0_4.txt_0.5;12;1121;
BPPC_4_0_7.txt_0.3;0;0;
BPPC_5_0_2.txt_0.7;5;1956;
BPPC_2_0_6.txt_0.4;14;1241;
BPPC_6_0_1.txt_0.5;9;3837;
BPPC_7_0_6.txt_0.3;18;7233;
BPPC_2_0_10.txt_0.1;0;0;
BPPC_1_0_9.txt_0.5;9;872;
BPPC_7_0_8.txt_0.8;5;2382;
BPPC_7_0_6.txt_0.5;10;4261;
BPPC_3_0_5.txt_0.5;12;1133;
BPPC_3_0_8.txt_0.5;12;1123;
BPPC_3_0_4.txt_0.8;6;581;
BPPC_3_0_1.txt_0.8;6;562;
BPPC_7_0_4.txt_0.7;7;2830;
BPPC_8_0_1.txt_0.2;0;0;
BPPC_5_0_3.txt_0.3;12;4419;
BPPC_2_0_10.txt_0.7;6;625;
BPPC_1_0_2.txt_0.7;6;544;
BPPC_5_0_4.txt_0.7;5;1904;
BPPC_8_0_6.txt_0.3;0;0;
BPPC_2_0_5.txt_0.6;9;789;
BPPC_4_0_4.txt_0.9;5;500;
BPPC_6_0_10.txt_0.8;5;2136;
BPPC_5_0_10.txt_0.8;4;1507;
BPPC_3_0_6.txt_0.8;6;587;
BPPC_1_0_3.txt_0.9;4;337;
BPPC_5_0_2.txt_0.1;21;8180;
BPPC_3_0_7.txt_0.4;15;1446;
BPPC_1_0_9.txt_0.7;6;541;
BPPC_1_0_9.txt_0.9;4;340;
BPPC_4_0_9.txt_0.1;0;0;
BPPC_1_0_10.txt_0.5;8;729;
BPPC_7_0_5.txt_0.5;11;4568;
BPPC_4_0_8.txt_0.5;0;0;
BPPC_3_0_5.txt_0.8;6;579;
BPPC_4_0_7.txt_0.6;11;993;
BPPC_6_0_9.txt_0.6;7;3034;
BPPC_3_0_6.txt_0.9;5;481;
BPPC_2_0_5.txt_0.8;6;519;
BPPC_8_0_9.txt_0.9;5;2060;
BPPC_5_0_7.txt_0.3;12;4566;
BPPC_5_0_2.txt_0.4;9;3458;
BPPC_6_0_10.txt_0.7;6;2341;
BPPC_5_0_7.txt_0.4;9;3492;
BPPC_8_0_4.txt_0.9;5;1917;
BPPC_5_0_3.txt_0.7;5;1971;
BPPC_7_0_2.txt_0.7;7;3088;
BPPC_6_0_8.txt_0.7;6;2491;
BPPC_7_0_2.txt_0.9;4;1808;
BPPC_3_0_3.txt_0.2;0;0;
BPPC_4_0_6.txt_0.4;0;0;
BPPC_8_0_4.txt_0.8;6;2538;
BPPC_1_0_2.txt_0.8;5;448;
BPPC_6_0_9.txt_0.8;5;1898;
BPPC_8_0_9.txt_0.5;13;5021;
BPPC_1_0_9.txt_0.1;32;2680;
BPPC_6_0_8.txt_0.8;5;2055;
BPPC_5_0_10.txt_0.5;8;3088;
BPPC_2_0_7.txt_0.8;6;498;
BPPC_2_0_4.txt_0.6;9;774;
BPPC_7_0_10.txt_0.9;4;1783;
BPPC_2_0_2.txt_0.8;6;516;
BPPC_6_0_2.txt_0.5;10;3424;
BPPC_5_0_7.txt_0.1;24;8476;
BPPC_5_0_5.txt_0.3;12;4477;
BPPC_5_0_5.txt_0.6;7;2649;
BPPC_6_0_9.txt_0.9;4;1569;
BPPC_8_0_8.txt_0.3;0;0;
BPPC_7_0_2.txt_0.4;14;5493;
BPPC_4_0_5.txt_0.7;9;851;
BPPC_3_0_5.txt_0.6;10;913;
BPPC_2_0_6.txt_0.5;11;991;
BPPC_6_0_3.txt_0.6;8;3224;
BPPC_8_0_5.txt_0.9;5;2163;
BPPC_3_0_5.txt_0.9;5;455;
BPPC_1_0_10.txt_0.2;20;1676;
BPPC_2_0_6.txt_0.9;4;403;
BPPC_2_0_1.txt_0.1;0;0;
BPPC_2_0_8.txt_0.5;10;1000;
BPPC_3_0_3.txt_0.5;12;1101;
BPPC_5_0_6.txt_0.1;24;8614;
BPPC_8_0_3.txt_0.3;0;0;
BPPC_4_0_10.txt_0.3;0;0;
BPPC_1_0_1.txt_0.5;8;744;
BPPC_7_0_10.txt_0.4;13;5539;
BPPC_5_0_10.txt_0.9;3;1189;
BPPC_4_0_10.txt_0.7;9;830;
BPPC_1_0_3.txt_0.6;7;563;
BPPC_1_0_3.txt_0.5;10;825;
BPPC_6_0_7.txt_0.7;6;2282;
BPPC_4_0_4.txt_0.5;0;0;
BPPC_8_0_2.txt_0.1;0;0;
BPPC_7_0_8.txt_0.3;18;6977;
BPPC_8_0_6.txt_0.2;0;0;
BPPC_2_0_6.txt_0.6;8;790;
BPPC_2_0_6.txt_0.1;0;0;
BPPC_4_0_4.txt_0.4;0;0;
BPPC_2_0_3.txt_0.2;0;0;
BPPC_3_0_6.txt_0.5;12;1123;
BPPC_6_0_6.txt_0.9;4;1642;
BPPC_5_0_8.txt_0.1;23;8225;
BPPC_6_0_4.txt_0.7;6;2318;
BPPC_4_0_7.txt_0.1;0;0;
BPPC_5_0_5.txt_0.1;22;7776;
BPPC_6_0_4.txt_0.2;20;7520;
BPPC_1_0_4.txt_0.2;19;1697;
BPPC_7_0_5.txt_0.8;6;2326;
BPPC_3_0_2.txt_0.5;12;1092;
BPPC_7_0_3.txt_0.6;9;3570;
BPPC_6_0_7.txt_0.2;21;7639;
BPPC_3_0_4.txt_0.3;0;0;
BPPC_1_0_2.txt_0.5;9;760;
BPPC_7_0_9.txt_0.5;12;4400;
BPPC_2_0_4.txt_0.1;0;0;
BPPC_6_0_4.txt_0.5;10;3535;
BPPC_1_0_8.txt_0.7;5;499;
BPPC_7_0_10.txt_0.3;17;7117;
BPPC_8_0_3.txt_0.1;0;0;
BPPC_8_0_10.txt_0.4;16;6336;
BPPC_6_0_9.txt_0.7;6;2334;
BPPC_4_0_6.txt_0.1;0;0;
BPPC_6_0_2.txt_0.7;6;2202;
BPPC_2_0_3.txt_0.3;17;1487;
BPPC_1_0_5.txt_0.3;14;1291;
BPPC_8_0_2.txt_0.7;8;3347;
BPPC_7_0_4.txt_0.8;6;2434;
BPPC_6_0_10.txt_0.4;11;4439;
BPPC_7_0_8.txt_0.5;10;4442;
BPPC_3_0_7.txt_0.2;0;0;
BPPC_7_0_7.txt_0.1;0;0;
BPPC_1_0_2.txt_0.3;14;1269;
BPPC_1_0_1.txt_0.7;6;563;
BPPC_4_0_7.txt_0.7;9;882;
BPPC_1_0_7.txt_0.2;20;1597;
BPPC_5_0_6.txt_0.8;4;1651;
BPPC_3_0_10.txt_0.8;6;543;
BPPC_7_0_10.txt_0.8;6;2328;
BPPC_2_0_6.txt_0.7;7;656;
BPPC_2_0_1.txt_0.9;4;410;
BPPC_5_0_8.txt_0.9;3;1267;
BPPC_1_0_4.txt_0.6;7;609;
BPPC_5_0_9.txt_0.4;10;3867;
BPPC_5_0_6.txt_0.4;9;3511;
BPPC_3_0_2.txt_0.6;9;872;
BPPC_7_0_8.txt_0.7;8;3188;
BPPC_2_0_4.txt_0.7;8;649;
BPPC_6_0_7.txt_0.3;15;5462;
BPPC_5_0_9.txt_0.7;6;2157;
BPPC_6_0_4.txt_0.3;14;5708;
BPPC_2_0_1.txt_0.4;14;1128;
BPPC_2_0_5.txt_0.3;19;1515;
