instance;weight;time;valid;
BPPC_8_0_7.txt_0.6;4219;0.169556;1;
BPPC_6_0_2.txt_0.3;5653;0.011241;1;
BPPC_8_0_2.txt_0.8;2658;0.00377488;1;
BPPC_4_0_2.txt_0.5;0;0;0;
BPPC_5_0_5.txt_0.5;2815;0.000144958;1;
BPPC_4_0_5.txt_0.8;665;0.0522511;1;
BPPC_7_0_5.txt_0.8;2326;0.000531197;1;
BPPC_7_0_3.txt_0.2;0;0;0;
BPPC_7_0_8.txt_0.3;6977;6.42786;1;
BPPC_6_0_10.txt_0.6;3072;0.000434875;1;
BPPC_1_0_1.txt_0.2;1601;0.17687;1;
BPPC_3_0_5.txt_0.1;0;0;0;
BPPC_6_0_8.txt_0.5;3695;0.00118399;1;
BPPC_3_0_8.txt_0.2;0;0;0;
BPPC_6_0_1.txt_0.8;1869;0.000360966;1;
BPPC_4_0_3.txt_0.8;670;0.127617;1;
BPPC_4_0_3.txt_0.6;0;0;0;
BPPC_3_0_7.txt_0.3;0;0;0;
BPPC_3_0_3.txt_0.8;567;0.00963092;1;
BPPC_2_0_3.txt_0.9;391;0.000640869;1;
BPPC_4_0_9.txt_0.2;0;0;0;
BPPC_5_0_9.txt_0.3;4280;0.000422001;1;
BPPC_2_0_7.txt_0.6;791;0.00572395;1;
BPPC_6_0_9.txt_0.4;4352;0.00338507;1;
BPPC_1_0_8.txt_0.3;1269;0.00815201;1;
BPPC_3_0_8.txt_0.3;0;0;0;
BPPC_3_0_5.txt_0.8;579;0.0129061;1;
BPPC_5_0_2.txt_0.2;5920;0.00197291;1;
BPPC_3_0_9.txt_0.1;0;0;0;
BPPC_7_0_10.txt_0.8;2328;0.00212288;1;
BPPC_8_0_4.txt_0.6;4025;0.39587;1;
BPPC_8_0_5.txt_0.6;4106;0.34802;1;
BPPC_7_0_5.txt_0.3;7186;5.80987;1;
BPPC_2_0_1.txt_0.7;649;0.00250912;1;
BPPC_5_0_8.txt_0.7;1968;0.000128031;1;
BPPC_6_0_5.txt_0.9;1476;0.000193119;1;
BPPC_5_0_8.txt_0.8;1454;0.000124931;1;
BPPC_4_0_6.txt_0.7;824;0.622461;1;
BPPC_1_0_9.txt_0.7;541;0.000406981;1;
BPPC_5_0_8.txt_0.5;2737;0.000244856;1;
BPPC_6_0_2.txt_0.8;2048;0.000256062;1;
BPPC_4_0_2.txt_0.1;0;0;0;
BPPC_7_0_8.txt_0.8;2382;0.00199699;1;
BPPC_8_0_2.txt_0.6;4125;0.39568;1;
BPPC_4_0_8.txt_0.4;0;0;0;
BPPC_3_0_6.txt_0.9;481;0.00197506;1;
BPPC_1_0_8.txt_0.1;2600;2.13839;1;
BPPC_4_0_7.txt_0.3;0;0;0;
BPPC_2_0_10.txt_0.3;1523;5.99325;1;
BPPC_4_0_1.txt_0.3;0;0;0;
BPPC_1_0_3.txt_0.1;2492;2.2081;1;
BPPC_4_0_5.txt_0.1;0;0;0;
BPPC_7_0_4.txt_0.6;3449;0.00827694;1;
BPPC_1_0_6.txt_0.5;774;0.00133181;1;
BPPC_5_0_9.txt_0.9;0;0;0;
BPPC_4_0_5.txt_0.7;851;1.32437;1;
BPPC_2_0_4.txt_0.1;0;0;0;
BPPC_8_0_1.txt_0.4;0;0;0;
BPPC_2_0_5.txt_0.9;388;0.000491858;1;
BPPC_6_0_5.txt_0.2;7626;0.173792;1;
BPPC_5_0_2.txt_0.8;1524;0.000115871;1;
BPPC_2_0_8.txt_0.6;793;0.00523615;1;
BPPC_4_0_4.txt_0.1;0;0;0;
BPPC_5_0_5.txt_0.3;4477;0.00107288;1;
BPPC_7_0_9.txt_0.5;4400;0.0613658;1;
BPPC_1_0_9.txt_0.9;340;0.000282049;1;
BPPC_2_0_1.txt_0.6;779;0.0121801;1;
BPPC_2_0_3.txt_0.8;527;0.00125217;1;
BPPC_2_0_2.txt_0.2;0;0;0;
BPPC_8_0_4.txt_0.1;0;0;0;
BPPC_1_0_3.txt_0.9;337;0.000236034;1;
BPPC_6_0_4.txt_0.9;1540;0.000137091;1;
BPPC_1_0_2.txt_0.8;448;0.000160217;1;
BPPC_5_0_1.txt_0.9;0;0;0;
BPPC_4_0_6.txt_0.4;0;0;0;
BPPC_2_0_8.txt_0.8;527;0.00216389;1;
BPPC_5_0_1.txt_0.5;2828;0.000467062;1;
BPPC_3_0_3.txt_0.6;943;0.305097;1;
BPPC_2_0_4.txt_0.5;998;0.0603931;1;
BPPC_4_0_2.txt_0.7;914;0.719822;1;
BPPC_6_0_3.txt_0.7;2444;0.000192881;1;
BPPC_1_0_9.txt_0.1;2680;1.67397;1;
BPPC_2_0_9.txt_0.5;965;0.0289021;1;
BPPC_3_0_4.txt_0.6;919;0.159208;1;
BPPC_6_0_6.txt_0.7;2267;0.000396013;1;
BPPC_4_0_3.txt_0.1;0;0;0;
BPPC_6_0_3.txt_0.5;3688;0.00297403;1;
BPPC_4_0_8.txt_0.2;0;0;0;
BPPC_6_0_5.txt_0.6;3116;0.00146294;1;
BPPC_4_0_4.txt_0.6;0;0;0;
BPPC_7_0_6.txt_0.7;3330;0.00144386;1;
BPPC_5_0_4.txt_0.9;0;0;0;
BPPC_1_0_1.txt_0.6;623;0.000713825;1;
BPPC_8_0_2.txt_0.9;2031;0.00142884;1;
BPPC_3_0_1.txt_0.9;449;0.000962019;1;
BPPC_7_0_4.txt_0.2;0;0;0;
BPPC_4_0_5.txt_0.9;499;0.0055182;1;
BPPC_3_0_7.txt_0.1;0;0;0;
BPPC_8_0_8.txt_0.6;4329;0.223452;1;
BPPC_7_0_10.txt_0.7;2851;0.00357604;1;
BPPC_8_0_1.txt_0.5;5063;3.65869;1;
BPPC_3_0_2.txt_0.5;1092;2.10503;1;
BPPC_1_0_3.txt_0.6;563;0.000449181;1;
BPPC_4_0_10.txt_0.1;0;0;0;
BPPC_5_0_9.txt_0.5;3015;0.000152826;1;
BPPC_1_0_7.txt_0.9;347;0.000127077;1;
BPPC_6_0_10.txt_0.5;3457;0.000996113;1;
BPPC_6_0_10.txt_0.3;5565;0.0148461;1;
BPPC_6_0_6.txt_0.6;2863;0.000420094;1;
BPPC_1_0_6.txt_0.7;500;0.000252962;1;
BPPC_3_0_6.txt_0.6;902;0.154584;1;
BPPC_4_0_6.txt_0.8;678;0.054462;1;
BPPC_3_0_9.txt_0.9;445;0.000939131;1;
BPPC_8_0_8.txt_0.5;5141;1.30589;1;
BPPC_6_0_8.txt_0.1;0;0;0;
BPPC_5_0_2.txt_0.5;2883;0.00037694;1;
BPPC_8_0_8.txt_0.3;0;0;0;
BPPC_2_0_9.txt_0.9;396;0.00109887;1;
BPPC_8_0_3.txt_0.6;4123;0.35174;1;
BPPC_1_0_1.txt_0.5;744;0.00312805;1;
BPPC_6_0_7.txt_0.2;7639;0.266204;1;
BPPC_6_0_6.txt_0.2;7829;0.208008;1;
BPPC_1_0_7.txt_0.1;2540;2.60048;1;
BPPC_7_0_2.txt_0.8;2286;0.000643015;1;
BPPC_6_0_8.txt_0.8;2055;0.00017786;1;
BPPC_3_0_5.txt_0.3;0;0;0;
BPPC_5_0_3.txt_0.2;6042;0.00201678;1;
BPPC_7_0_2.txt_0.6;3562;0.0154939;1;
BPPC_4_0_2.txt_0.3;0;0;0;
BPPC_8_0_4.txt_0.4;0;0;0;
BPPC_6_0_3.txt_0.3;5607;0.0119209;1;
BPPC_4_0_9.txt_0.9;490;0.00591993;1;
BPPC_8_0_5.txt_0.2;0;0;0;
BPPC_8_0_6.txt_0.3;0;0;0;
BPPC_5_0_5.txt_0.8;1710;0.000267029;1;
BPPC_8_0_5.txt_0.9;2163;0.00194383;1;
BPPC_7_0_1.txt_0.8;2295;0.001333;1;
BPPC_5_0_1.txt_0.3;4357;0.000946045;1;
BPPC_1_0_10.txt_0.7;534;0.000418901;1;
BPPC_2_0_4.txt_0.7;649;0.00194597;1;
BPPC_5_0_1.txt_0.4;3675;0.000305891;1;
BPPC_3_0_8.txt_0.5;1123;1.53491;1;
BPPC_8_0_2.txt_0.4;0;0;0;
BPPC_3_0_5.txt_0.7;720;0.0332839;1;
BPPC_1_0_3.txt_0.3;1308;0.011848;1;
BPPC_5_0_8.txt_0.2;5538;0.00166106;1;
BPPC_1_0_4.txt_0.2;1697;0.179932;1;
BPPC_1_0_2.txt_0.3;1269;0.016063;1;
BPPC_7_0_6.txt_0.4;5337;0.282004;1;
BPPC_8_0_5.txt_0.4;0;0;0;
BPPC_4_0_10.txt_0.8;665;0.119052;1;
BPPC_1_0_5.txt_0.4;981;0.0062058;1;
BPPC_6_0_7.txt_0.3;5462;0.035943;1;
BPPC_3_0_2.txt_0.1;0;0;0;
BPPC_5_0_10.txt_0.1;8230;0.0064981;1;
BPPC_8_0_10.txt_0.6;4026;0.382532;1;
BPPC_6_0_5.txt_0.4;4404;0.00813699;1;
BPPC_5_0_6.txt_0.7;1836;0.000180006;1;
BPPC_8_0_1.txt_0.7;3365;0.0474961;1;
BPPC_8_0_6.txt_0.2;0;0;0;
BPPC_3_0_10.txt_0.9;456;0.00197601;1;
BPPC_1_0_3.txt_0.8;412;0.000377178;1;
BPPC_4_0_7.txt_0.2;0;0;0;
BPPC_6_0_5.txt_0.7;2640;0.000796795;1;
BPPC_8_0_10.txt_0.1;0;0;0;
BPPC_3_0_3.txt_0.7;758;0.0196629;1;
BPPC_5_0_5.txt_0.4;3477;0.000236034;1;
BPPC_5_0_4.txt_0.7;0;0;0;
BPPC_1_0_9.txt_0.6;595;0.000756025;1;
BPPC_2_0_1.txt_0.8;479;0.000956059;1;
BPPC_3_0_6.txt_0.4;0;0;0;
BPPC_1_0_7.txt_0.5;762;0.00236988;1;
BPPC_2_0_2.txt_0.7;693;0.00333595;1;
BPPC_7_0_9.txt_0.3;7342;3.63252;1;
BPPC_4_0_3.txt_0.5;0;0;0;
BPPC_7_0_7.txt_0.8;2267;0.00137305;1;
BPPC_5_0_10.txt_0.6;2221;0.00026989;1;
BPPC_7_0_7.txt_0.6;3473;0.015589;1;
BPPC_2_0_10.txt_0.2;0;0;0;
BPPC_3_0_2.txt_0.7;705;0.0512569;1;
BPPC_5_0_4.txt_0.8;1672;0.000247002;1;
BPPC_4_0_7.txt_0.8;635;0.12804;1;
BPPC_6_0_10.txt_0.1;11992;3.16596;1;
BPPC_3_0_2.txt_0.8;622;0.0208409;1;
BPPC_5_0_4.txt_0.4;3350;0.000923872;1;
BPPC_4_0_10.txt_0.6;0;0;0;
dimacs;0;0;0;
BPPC_7_0_4.txt_0.1;0;0;0;
BPPC_6_0_9.txt_0.5;3486;0.00140119;1;
BPPC_6_0_8.txt_0.2;7903;0.074451;1;
BPPC_8_0_9.txt_0.9;2060;0.00159907;1;
BPPC_7_0_3.txt_0.7;2838;0.00237703;1;
BPPC_4_0_2.txt_0.9;497;0.00797796;1;
BPPC_8_0_10.txt_0.8;2567;0.00596595;1;
BPPC_6_0_7.txt_0.4;4232;0.00502396;1;
BPPC_6_0_8.txt_0.9;1407;0.000164986;1;
BPPC_2_0_9.txt_0.7;608;0.00223017;1;
BPPC_7_0_10.txt_0.5;4236;0.0405021;1;
BPPC_3_0_4.txt_0.7;768;0.0292311;1;
BPPC_6_0_10.txt_0.7;2341;0.000320911;1;
BPPC_1_0_4.txt_0.4;988;0.00377393;1;
BPPC_7_0_7.txt_0.9;1801;0.000309944;1;
BPPC_3_0_9.txt_0.3;0;0;0;
BPPC_8_0_9.txt_0.6;3942;0.400902;1;
BPPC_4_0_3.txt_0.3;0;0;0;
BPPC_2_0_4.txt_0.4;1199;0.385639;1;
BPPC_2_0_5.txt_0.5;940;0.07008;1;
BPPC_5_0_8.txt_0.1;8225;0.00658202;1;
BPPC_7_0_3.txt_0.8;2229;0.00221801;1;
BPPC_2_0_9.txt_0.1;0;0;0;
BPPC_1_0_7.txt_0.7;547;0.000910997;1;
BPPC_3_0_6.txt_0.1;0;0;0;
BPPC_2_0_8.txt_0.1;0;0;0;
BPPC_4_0_6.txt_0.5;0;0;0;
BPPC_4_0_2.txt_0.4;0;0;0;
BPPC_6_0_3.txt_0.1;11409;8.04312;1;
BPPC_8_0_4.txt_0.8;2538;0.0125129;1;
BPPC_2_0_7.txt_0.7;670;0.00363398;1;
BPPC_7_0_10.txt_0.1;0;0;0;
BPPC_1_0_10.txt_0.6;601;0.00112391;1;
BPPC_8_0_9.txt_0.7;3301;0.0477481;1;
BPPC_2_0_10.txt_0.8;545;0.00134301;1;
BPPC_3_0_4.txt_0.3;0;0;0;
BPPC_5_0_3.txt_0.4;3491;0.000892162;1;
BPPC_5_0_7.txt_0.7;1938;0.000270128;1;
BPPC_6_0_9.txt_0.2;7452;0.253326;1;
BPPC_8_0_8.txt_0.9;2167;0.00207615;1;
BPPC_6_0_3.txt_0.2;7652;0.301456;1;
BPPC_1_0_9.txt_0.8;433;0.000314951;1;
BPPC_6_0_4.txt_0.6;2804;0.00114703;1;
BPPC_2_0_2.txt_0.3;1489;7.18238;1;
BPPC_8_0_10.txt_0.9;1998;0.000945091;1;
BPPC_1_0_4.txt_0.5;778;0.000922203;1;
BPPC_3_0_6.txt_0.5;1123;1.77599;1;
BPPC_5_0_4.txt_0.3;4455;0.000301838;1;
BPPC_4_0_8.txt_0.7;823;0.73159;1;
BPPC_4_0_9.txt_0.1;0;0;0;
BPPC_6_0_2.txt_0.7;2202;0.000888109;1;
BPPC_8_0_8.txt_0.7;3326;0.0524139;1;
BPPC_2_0_5.txt_0.3;1515;3.61461;1;
BPPC_8_0_7.txt_0.4;0;0;0;
BPPC_1_0_4.txt_0.1;2545;3.77286;1;
BPPC_8_0_7.txt_0.8;2545;0.00423408;1;
BPPC_7_0_4.txt_0.9;1899;0.000262022;1;
BPPC_3_0_5.txt_0.5;1133;1.54297;1;
BPPC_1_0_3.txt_0.5;825;0.00180888;1;
BPPC_6_0_4.txt_0.4;4530;0.00560403;1;
BPPC_8_0_10.txt_0.5;5145;3.50258;1;
BPPC_6_0_3.txt_0.9;1478;0.000510931;1;
BPPC_5_0_4.txt_0.5;2711;0.000545025;1;
BPPC_6_0_9.txt_0.8;1898;0.000473976;1;
BPPC_8_0_7.txt_0.3;0;0;0;
BPPC_2_0_4.txt_0.8;495;0.00095892;1;
BPPC_2_0_6.txt_0.7;656;0.00232315;1;
BPPC_5_0_3.txt_0.3;4419;0.000560045;1;
BPPC_4_0_8.txt_0.1;0;0;0;
BPPC_7_0_4.txt_0.7;2830;0.00599599;1;
BPPC_6_0_9.txt_0.6;3034;0.000938892;1;
BPPC_7_0_6.txt_0.3;7233;5.06635;1;
BPPC_1_0_7.txt_0.3;1228;0.0407579;1;
BPPC_8_0_4.txt_0.5;5207;1.63067;1;
BPPC_1_0_3.txt_0.4;941;0.00264597;1;
C15_dimacs.tar.gz;0;0;0;
BPPC_5_0_9.txt_0.2;6118;0.000854969;1;
BPPC_1_0_6.txt_0.6;611;0.000518084;1;
BPPC_3_0_2.txt_0.9;437;0.000917912;1;
BPPC_8_0_6.txt_0.8;2772;0.00379801;1;
BPPC_4_0_1.txt_0.1;0;0;0;
BPPC_7_0_9.txt_0.7;3007;0.00368595;1;
BPPC_3_0_9.txt_0.6;850;0.432195;1;
BPPC_5_0_3.txt_0.5;2995;0.000262022;1;
BPPC_4_0_3.txt_0.7;826;1.33097;1;
BPPC_5_0_9.txt_0.4;3867;0.000437021;1;
BPPC_2_0_3.txt_0.7;692;0.00356102;1;
BPPC_7_0_2.txt_0.4;5493;0.372021;1;
BPPC_6_0_1.txt_0.5;3837;0.00196695;1;
BPPC_5_0_7.txt_0.1;8476;0.00423121;1;
BPPC_7_0_6.txt_0.8;2395;0.00130415;1;
BPPC_7_0_3.txt_0.5;4325;0.0640352;1;
BPPC_8_0_3.txt_0.2;0;0;0;
BPPC_1_0_9.txt_0.5;872;0.00139403;1;
BPPC_3_0_7.txt_0.5;1139;2.32679;1;
BPPC_4_0_6.txt_0.1;0;0;0;
BPPC_5_0_7.txt_0.6;2495;0.000175953;1;
BPPC_8_0_6.txt_0.5;5134;1.48634;1;
BPPC_8_0_6.txt_0.4;0;0;0;
BPPC_2_0_9.txt_0.6;772;0.0136409;1;
BPPC_7_0_2.txt_0.7;3088;0.00429487;1;
BPPC_7_0_7.txt_0.2;0;0;0;
BPPC_2_0_5.txt_0.4;1201;0.447146;1;
BPPC_2_0_6.txt_0.4;1241;0.436086;1;
BPPC_8_0_3.txt_0.1;0;0;0;
BPPC_7_0_3.txt_0.6;3570;0.00462317;1;
BPPC_8_0_10.txt_0.2;0;0;0;
BPPC_5_0_6.txt_0.3;4088;0.00115705;1;
BPPC_8_0_8.txt_0.2;0;0;0;
BPPC_3_0_6.txt_0.3;0;0;0;
BPPC_3_0_9.txt_0.4;0;0;0;
BPPC_8_0_6.txt_0.1;0;0;0;
BPPC_2_0_1.txt_0.4;1128;0.223257;1;
BPPC_3_0_3.txt_0.1;0;0;0;
BPPC_2_0_6.txt_0.5;991;0.086612;1;
BPPC_4_0_7.txt_0.4;0;0;0;
BPPC_3_0_8.txt_0.1;0;0;0;
BPPC_6_0_10.txt_0.4;4439;0.00690699;1;
BPPC_6_0_8.txt_0.3;5707;0.033854;1;
BPPC_5_0_1.txt_0.6;2257;0.000250101;1;
BPPC_1_0_5.txt_0.5;787;0.00217104;1;
BPPC_3_0_1.txt_0.7;727;0.080276;1;
BPPC_2_0_1.txt_0.9;410;0.00069499;1;
BPPC_3_0_4.txt_0.5;1121;3.33552;1;
BPPC_1_0_8.txt_0.9;284;0.000131845;1;
BPPC_6_0_10.txt_0.2;7544;0.13917;1;
BPPC_2_0_5.txt_0.6;789;0.00506806;1;
BPPC_7_0_1.txt_0.3;7183;3.28662;1;
BPPC_4_0_5.txt_0.2;0;0;0;
BPPC_2_0_3.txt_0.6;792;0.0133719;1;
BPPC_1_0_1.txt_0.4;947;0.00789213;1;
BPPC_1_0_7.txt_0.8;404;0.000355959;1;
BPPC_2_0_8.txt_0.2;0;0;0;
BPPC_8_0_8.txt_0.8;2716;0.0135069;1;
BPPC_8_0_5.txt_0.8;2602;0.0102899;1;
BPPC_5_0_3.txt_0.7;1971;0.000111103;1;
BPPC_4_0_2.txt_0.6;0;0;0;
BPPC_5_0_4.txt_0.6;2468;0.000392914;1;
BPPC_3_0_9.txt_0.2;0;0;0;
BPPC_7_0_9.txt_0.6;3600;0.0118182;1;
BPPC_7_0_4.txt_0.4;5378;0.558961;1;
BPPC_6_0_2.txt_0.1;11871;3.14716;1;
BPPC_7_0_8.txt_0.1;0;0;0;
BPPC_7_0_5.txt_0.9;1805;0.000555992;1;
BPPC_3_0_5.txt_0.4;0;0;0;
BPPC_7_0_1.txt_0.5;4511;0.055866;1;
BPPC_4_0_10.txt_0.3;0;0;0;
BPPC_5_0_8.txt_0.9;1267;0.00018096;1;
BPPC_7_0_8.txt_0.9;1743;0.00070715;1;
BPPC_4_0_9.txt_0.3;0;0;0;
BPPC_7_0_1.txt_0.7;3038;0.00206518;1;
BPPC_5_0_3.txt_0.8;1656;0.000133991;1;
BPPC_6_0_8.txt_0.6;3105;0.000500917;1;
BPPC_8_0_1.txt_0.1;0;0;0;
BPPC_1_0_6.txt_0.8;449;0.000340939;1;
BPPC_3_0_10.txt_0.2;0;0;0;
BPPC_2_0_5.txt_0.2;0;0;0;
BPPC_7_0_4.txt_0.5;4550;0.0636909;1;
BPPC_7_0_10.txt_0.9;1783;0.000488997;1;
BPPC_8_0_10.txt_0.4;0;0;0;
BPPC_1_0_1.txt_0.1;2524;1.70112;1;
BPPC_5_0_3.txt_0.6;2428;0.000246048;1;
BPPC_4_0_8.txt_0.6;0;0;0;
BPPC_2_0_3.txt_0.2;0;0;0;
BPPC_1_0_5.txt_0.2;1684;0.308305;1;
BPPC_3_0_4.txt_0.1;0;0;0;
BPPC_7_0_1.txt_0.2;0;0;0;
BPPC_3_0_1.txt_0.5;1119;1.4436;1;
BPPC_1_0_4.txt_0.9;334;0.000211954;1;
BPPC_8_0_7.txt_0.2;0;0;0;
BPPC_8_0_4.txt_0.7;3395;0.0471549;1;
BPPC_3_0_1.txt_0.1;0;0;0;
BPPC_2_0_3.txt_0.3;1487;8.37078;1;
BPPC_1_0_10.txt_0.2;1676;0.178621;1;
BPPC_7_0_2.txt_0.1;0;0;0;
BPPC_4_0_4.txt_0.8;662;0.115309;1;
BPPC_3_0_10.txt_0.7;690;0.0554268;1;
BPPC_5_0_8.txt_0.6;2620;0.000149965;1;
BPPC_6_0_7.txt_0.7;2282;0.000530005;1;
BPPC_2_0_6.txt_0.6;790;0.0109231;1;
BPPC_3_0_3.txt_0.2;0;0;0;
BPPC_3_0_8.txt_0.8;579;0.00976515;1;
BPPC_8_0_7.txt_0.1;0;0;0;
BPPC_1_0_8.txt_0.6;619;0.000977039;1;
BPPC_6_0_5.txt_0.8;2013;0.000329971;1;
BPPC_7_0_6.txt_0.1;0;0;0;
BPPC_5_0_1.txt_0.2;5574;0.00137496;1;
BPPC_2_0_2.txt_0.6;776;0.00539517;1;
BPPC_4_0_3.txt_0.4;0;0;0;
BPPC_5_0_1.txt_0.7;2226;0.000163078;1;
BPPC_4_0_4.txt_0.7;850;1.31191;1;
BPPC_7_0_6.txt_0.5;4261;0.104285;1;
BPPC_8_0_9.txt_0.3;0;0;0;
BPPC_7_0_8.txt_0.7;3188;0.00422406;1;
BPPC_6_0_7.txt_0.1;12422;2.02738;1;
BPPC_4_0_7.txt_0.7;882;1.1813;1;
BPPC_3_0_10.txt_0.1;0;0;0;
BPPC_1_0_8.txt_0.5;743;0.00133681;1;
BPPC_1_0_3.txt_0.7;541;0.000323057;1;
BPPC_4_0_1.txt_0.9;504;0.00829887;1;
BPPC_7_0_8.txt_0.6;4141;0.00480008;1;
BPPC_1_0_4.txt_0.7;504;0.000540972;1;
BPPC_1_0_9.txt_0.4;1035;0.00305295;1;
BPPC_3_0_10.txt_0.3;0;0;0;
BPPC_2_0_10.txt_0.4;1191;0.423095;1;
BPPC_5_0_10.txt_0.5;3088;0.000323057;1;
BPPC_8_0_10.txt_0.7;3359;0.052032;1;
BPPC_6_0_10.txt_0.9;1600;0.000344038;1;
BPPC_2_0_2.txt_0.4;1208;0.467855;1;
BPPC_4_0_2.txt_0.2;0;0;0;
BPPC_7_0_5.txt_0.7;3306;0.00289702;1;
BPPC_3_0_5.txt_0.9;455;0.00197601;1;
BPPC_4_0_10.txt_0.2;0;0;0;
BPPC_5_0_2.txt_0.4;3458;0.000204802;1;
BPPC_6_0_9.txt_0.3;5546;0.0154819;1;
BPPC_1_0_10.txt_0.8;430;0.000186205;1;
BPPC_6_0_3.txt_0.8;1853;0.000189066;1;
BPPC_8_0_9.txt_0.5;5021;1.66699;1;
BPPC_4_0_4.txt_0.2;0;0;0;
BPPC_2_0_7.txt_0.5;961;0.0540411;1;
BPPC_4_0_8.txt_0.5;0;0;0;
BPPC_7_0_2.txt_0.2;0;0;0;
BPPC_1_0_5.txt_0.6;633;0.000952959;1;
BPPC_2_0_6.txt_0.8;503;0.00132203;1;
BPPC_8_0_1.txt_0.9;2064;0.00200582;1;
BPPC_2_0_1.txt_0.3;1534;4.1437;1;
BPPC_7_0_9.txt_0.4;5472;0.215431;1;
BPPC_5_0_7.txt_0.4;3492;0.000718117;1;
BPPC_2_0_8.txt_0.9;411;0.000929117;1;
BPPC_2_0_9.txt_0.3;1571;8.05283;1;
BPPC_7_0_2.txt_0.9;1808;0.000874043;1;
BPPC_6_0_4.txt_0.8;1862;0.000519991;1;
BPPC_7_0_1.txt_0.1;0;0;0;
BPPC_5_0_3.txt_0.9;1314;0.000229836;1;
BPPC_6_0_4.txt_0.7;2318;0.000911951;1;
BPPC_7_0_7.txt_0.7;2862;0.00517082;1;
BPPC_3_0_3.txt_0.3;0;0;0;
BPPC_6_0_8.txt_0.4;4594;0.00347209;1;
BPPC_3_0_5.txt_0.6;913;0.2403;1;
BPPC_4_0_5.txt_0.6;0;0;0;
BPPC_3_0_8.txt_0.9;443;0.00204396;1;
BPPC_3_0_1.txt_0.6;935;0.334402;1;
BPPC_2_0_1.txt_0.1;0;0;0;
BPPC_6_0_7.txt_0.5;3610;0.00218487;1;
BPPC_7_0_3.txt_0.3;7694;4.32855;1;
BPPC_7_0_1.txt_0.6;3542;0.0139971;1;
BPPC_4_0_8.txt_0.9;504;0.0137069;1;
BPPC_4_0_6.txt_0.3;0;0;0;
BPPC_3_0_2.txt_0.2;0;0;0;
BPPC_2_0_6.txt_0.1;0;0;0;
BPPC_1_0_2.txt_0.6;648;0.00100803;1;
BPPC_1_0_10.txt_0.9;370;0.00026989;1;
BPPC_4_0_6.txt_0.6;0;0;0;
BPPC_4_0_6.txt_0.2;0;0;0;
BPPC_8_0_9.txt_0.8;2667;0.00940895;1;
BPPC_3_0_2.txt_0.4;0;0;0;
BPPC_5_0_2.txt_0.6;2432;0.000427961;1;
BPPC_1_0_2.txt_0.2;1570;0.478122;1;
BPPC_1_0_1.txt_0.9;325;0.000428915;1;
BPPC_8_0_3.txt_0.9;2163;0.00316691;1;
BPPC_7_0_9.txt_0.8;2280;0.00190902;1;
BPPC_5_0_10.txt_0.3;4483;0.001055;1;
BPPC_4_0_5.txt_0.5;0;0;0;
BPPC_6_0_2.txt_0.2;7407;0.462922;1;
BPPC_6_0_1.txt_0.4;4528;0.00749707;1;
BPPC_8_0_4.txt_0.9;1917;0.00343299;1;
BPPC_4_0_4.txt_0.9;500;0.0189991;1;
BPPC_4_0_1.txt_0.4;0;0;0;
BPPC_7_0_8.txt_0.5;4442;0.0599248;1;
BPPC_2_0_5.txt_0.8;519;0.00138807;1;
BPPC_4_0_2.txt_0.8;670;0.116398;1;
BPPC_4_0_4.txt_0.3;0;0;0;
BPPC_1_0_6.txt_0.4;944;0.00260806;1;
BPPC_3_0_10.txt_0.6;936;0.384745;1;
BPPC_8_0_9.txt_0.4;0;0;0;
BPPC_2_0_10.txt_0.6;763;0.00552583;1;
BPPC_5_0_4.txt_0.2;6262;0.000506878;1;
BPPC_1_0_10.txt_0.4;939;0.002321;1;
BPPC_2_0_5.txt_0.1;0;0;0;
BPPC_8_0_4.txt_0.2;0;0;0;
BPPC_3_0_2.txt_0.6;872;0.216906;1;
BPPC_1_0_2.txt_0.1;2527;8.1836;1;
BPPC_5_0_10.txt_0.8;1507;0.000149012;1;
BPPC_6_0_4.txt_0.1;11738;2.0817;1;
BPPC_2_0_7.txt_0.8;498;0.00138211;1;
BPPC_2_0_3.txt_0.1;0;0;0;
BPPC_4_0_1.txt_0.8;659;0.145102;1;
BPPC_3_0_4.txt_0.4;0;0;0;
BPPC_3_0_8.txt_0.6;997;0.143741;1;
BPPC_8_0_6.txt_0.9;2153;0.000966072;1;
BPPC_8_0_1.txt_0.6;4152;0.160134;1;
BPPC_2_0_8.txt_0.3;1660;3.25736;1;
BPPC_7_0_9.txt_0.2;0;0;0;
BPPC_6_0_4.txt_0.5;3535;0.00312114;1;
BPPC_3_0_7.txt_0.9;462;0.00335383;1;
BPPC_8_0_8.txt_0.1;0;0;0;
BPPC_6_0_1.txt_0.9;1488;0.000360966;1;
BPPC_1_0_4.txt_0.8;496;0.000566006;1;
BPPC_6_0_5.txt_0.5;3709;0.002918;1;
BPPC_2_0_10.txt_0.9;422;0.000922918;1;
BPPC_6_0_8.txt_0.7;2491;0.000932932;1;
BPPC_8_0_1.txt_0.2;0;0;0;
BPPC_2_0_4.txt_0.3;1562;2.04181;1;
BPPC_7_0_5.txt_0.4;5608;0.214706;1;
BPPC_1_0_5.txt_0.9;334;0.000144005;1;
BPPC_5_0_7.txt_0.3;4566;0.000319958;1;
BPPC_6_0_10.txt_0.8;2136;0.000169992;1;
BPPC_5_0_8.txt_0.3;4294;0.00040102;1;
BPPC_5_0_6.txt_0.6;2336;0.000110865;1;
BPPC_4_0_7.txt_0.1;0;0;0;
BPPC_8_0_7.txt_0.9;2070;0.00216985;1;
BPPC_6_0_5.txt_0.1;12004;6.51745;1;
BPPC_2_0_1.txt_0.2;0;0;0;
BPPC_4_0_9.txt_0.6;0;0;0;
BPPC_8_0_9.txt_0.1;0;0;0;
BPPC_6_0_1.txt_0.6;2757;0.00190091;1;
BPPC_4_0_9.txt_0.5;0;0;0;
BPPC_6_0_6.txt_0.1;11921;4.10228;1;
BPPC_2_0_5.txt_0.7;617;0.0037818;1;
BPPC_8_0_5.txt_0.3;0;0;0;
BPPC_1_0_6.txt_0.2;1538;0.514683;1;
BPPC_1_0_2.txt_0.7;544;0.000542164;1;
BPPC_8_0_2.txt_0.3;0;0;0;
BPPC_3_0_1.txt_0.2;0;0;0;
BPPC_6_0_9.txt_0.7;2334;0.000463009;1;
BPPC_4_0_9.txt_0.7;838;0.629323;1;
BPPC_2_0_6.txt_0.3;1492;4.43527;1;
BPPC_7_0_10.txt_0.4;5539;0.476817;1;
BPPC_7_0_10.txt_0.3;7117;6.29417;1;
BPPC_5_0_10.txt_0.7;2018;0.00029397;1;
BPPC_5_0_1.txt_0.1;8307;0.0132608;1;
BPPC_4_0_7.txt_0.5;0;0;0;
BPPC_1_0_1.txt_0.3;1211;0.0193291;1;
BPPC_5_0_2.txt_0.9;1393;0.000108004;1;
BPPC_7_0_4.txt_0.8;2434;0.000981808;1;
BPPC_7_0_6.txt_0.9;1703;0.000281096;1;
BPPC_1_0_2.txt_0.9;301;0.000129938;1;
BPPC_6_0_7.txt_0.8;1914;0.000184059;1;
BPPC_7_0_3.txt_0.1;0;0;0;
BPPC_5_0_7.txt_0.8;1550;0.000194073;1;
BPPC_1_0_7.txt_0.4;861;0.010628;1;
BPPC_1_0_7.txt_0.6;627;0.00152302;1;
BPPC_4_0_4.txt_0.4;0;0;0;
BPPC_1_0_4.txt_0.3;1283;0.0274892;1;
BPPC_6_0_7.txt_0.9;1475;0.000344038;1;
BPPC_4_0_7.txt_0.6;0;0;0;
BPPC_7_0_5.txt_0.2;0;0;0;
BPPC_1_0_10.txt_0.1;2411;6.18018;1;
BPPC_6_0_3.txt_0.6;3224;0.000319004;1;
BPPC_3_0_2.txt_0.3;0;0;0;
BPPC_5_0_9.txt_0.1;8063;0.0082891;1;
BPPC_2_0_2.txt_0.9;398;0.00060606;1;
BPPC_4_0_7.txt_0.9;520;0.0127969;1;
BPPC_6_0_6.txt_0.3;5563;0.037668;1;
BPPC_5_0_3.txt_0.1;8264;0.00643706;1;
BPPC_2_0_10.txt_0.1;0;0;0;
BPPC_3_0_1.txt_0.3;0;0;0;
BPPC_2_0_2.txt_0.8;516;0.00130701;1;
BPPC_5_0_2.txt_0.1;8180;0.00382686;1;
BPPC_6_0_6.txt_0.8;2105;0.000505924;1;
BPPC_1_0_5.txt_0.7;534;0.000845909;1;
BPPC_2_0_2.txt_0.5;921;0.0655191;1;
BPPC_1_0_6.txt_0.3;1230;0.0456369;1;
BPPC_8_0_6.txt_0.6;4101;0.397119;1;
BPPC_1_0_1.txt_0.8;423;0.000535965;1;
BPPC_3_0_7.txt_0.4;0;0;0;
BPPC_5_0_8.txt_0.4;3238;0.000828981;1;
BPPC_8_0_8.txt_0.4;0;0;0;
BPPC_2_0_7.txt_0.9;396;0.000697136;1;
BPPC_1_0_6.txt_0.1;2534;4.23698;1;
BPPC_3_0_7.txt_0.2;0;0;0;
BPPC_5_0_9.txt_0.7;2157;0.000193834;1;
BPPC_6_0_2.txt_0.6;2820;0.0010581;1;
BPPC_8_0_9.txt_0.2;0;0;0;
BPPC_4_0_1.txt_0.5;0;0;0;
BPPC_7_0_2.txt_0.5;4479;0.0300529;1;
BPPC_5_0_5.txt_0.2;6088;0.000730038;1;
BPPC_5_0_10.txt_0.9;0;0;0;
BPPC_8_0_4.txt_0.3;0;0;0;
BPPC_2_0_7.txt_0.2;0;0;0;
BPPC_8_0_2.txt_0.7;3347;0.0650601;1;
BPPC_3_0_6.txt_0.7;724;0.042978;1;
BPPC_7_0_10.txt_0.2;0;0;0;
BPPC_7_0_2.txt_0.3;7088;2.96422;1;
BPPC_6_0_9.txt_0.9;1569;0.000267982;1;
BPPC_4_0_6.txt_0.9;494;0.012043;1;
BPPC_7_0_3.txt_0.9;1772;0.00061202;1;
BPPC_7_0_5.txt_0.1;0;0;0;
BPPC_4_0_3.txt_0.2;0;0;0;
BPPC_5_0_7.txt_0.2;6036;0.00172806;1;
BPPC_5_0_4.txt_0.1;8214;0.00577593;1;
BPPC_6_0_6.txt_0.4;4331;0.00964689;1;
BPPC_3_0_1.txt_0.8;562;0.013592;1;
BPPC_1_0_10.txt_0.5;729;0.00353885;1;
BPPC_6_0_1.txt_0.2;7404;0.427363;1;
BPPC_6_0_2.txt_0.4;4331;0.00780487;1;
BPPC_2_0_8.txt_0.4;1259;0.376804;1;
BPPC_3_0_9.txt_0.8;606;0.00940299;1;
BPPC_8_0_3.txt_0.3;0;0;0;
BPPC_8_0_5.txt_0.5;5012;1.97606;1;
BPPC_4_0_1.txt_0.2;0;0;0;
BPPC_3_0_9.txt_0.5;1055;4.22486;1;
BPPC_2_0_9.txt_0.2;0;0;0;
BPPC_5_0_6.txt_0.2;5498;0.00206399;1;
BPPC_6_0_5.txt_0.3;5560;0.033644;1;
BPPC_3_0_1.txt_0.4;0;0;0;
BPPC_8_0_2.txt_0.1;0;0;0;
BPPC_8_0_3.txt_0.7;3370;0.0206861;1;
BPPC_3_0_4.txt_0.8;581;0.00531101;1;
BPPC_2_0_1.txt_0.5;933;0.0361581;1;
BPPC_1_0_8.txt_0.7;499;0.000317812;1;
BPPC_3_0_7.txt_0.8;572;0.00414896;1;
BPPC_2_0_10.txt_0.7;625;0.00167298;1;
BPPC_5_0_10.txt_0.2;5553;0.000823975;1;
BPPC_3_0_3.txt_0.4;0;0;0;
BPPC_1_0_8.txt_0.4;998;0.00627398;1;
BPPC_3_0_7.txt_0.7;726;0.0501821;1;
BPPC_7_0_6.txt_0.6;3675;0.0121419;1;
BPPC_7_0_5.txt_0.6;3465;0.0134721;1;
BPPC_4_0_4.txt_0.5;0;0;0;
BPPC_1_0_2.txt_0.5;760;0.00292897;1;
BPPC_2_0_4.txt_0.9;424;0.00110197;1;
BPPC_8_0_2.txt_0.5;5080;4.12985;1;
BPPC_3_0_8.txt_0.7;726;0.0488811;1;
BPPC_4_0_10.txt_0.5;0;0;0;
BPPC_1_0_9.txt_0.3;1212;0.015486;1;
BPPC_1_0_1.txt_0.7;563;0.000387907;1;
BPPC_2_0_9.txt_0.8;530;0.000986099;1;
BPPC_5_0_5.txt_0.6;2649;0.000213146;1;
BPPC_7_0_7.txt_0.5;4585;0.0285089;1;
BPPC_5_0_9.txt_0.8;1811;0.000129938;1;
BPPC_4_0_1.txt_0.6;0;0;0;
BPPC_5_0_10.txt_0.4;3657;0.00043416;1;
BPPC_8_0_1.txt_0.3;0;0;0;
BPPC_2_0_7.txt_0.4;1252;0.357967;1;
BPPC_6_0_4.txt_0.3;5708;0.0249441;1;
BPPC_5_0_6.txt_0.8;1651;0.000182152;1;
BPPC_4_0_10.txt_0.9;518;0.0127318;1;
BPPC_5_0_6.txt_0.9;1317;0.000159979;1;
BPPC_3_0_10.txt_0.8;543;0.0105801;1;
BPPC_7_0_10.txt_0.6;3585;0.0126779;1;
BPPC_2_0_9.txt_0.4;1262;0.462284;1;
BPPC_8_0_3.txt_0.5;5009;3.63386;1;
BPPC_1_0_10.txt_0.3;1129;0.0336061;1;
BPPC_7_0_7.txt_0.1;0;0;0;
BPPC_7_0_1.txt_0.9;1907;0.000452995;1;
BPPC_7_0_7.txt_0.3;6923;5.1503;1;
BPPC_6_0_1.txt_0.1;11901;6.23679;1;
BPPC_1_0_5.txt_0.1;2591;3.2491;1;
BPPC_6_0_4.txt_0.2;7520;0.137466;1;
BPPC_4_0_5.txt_0.4;0;0;0;
BPPC_5_0_5.txt_0.9;1298;0.000182867;1;
BPPC_6_0_3.txt_0.4;4233;0.00900507;1;
BPPC_4_0_5.txt_0.3;0;0;0;
BPPC_2_0_7.txt_0.1;0;0;0;
BPPC_5_0_1.txt_0.8;1760;0.000154972;1;
BPPC_1_0_3.txt_0.2;1593;0.271559;1;
BPPC_7_0_8.txt_0.2;0;0;0;
BPPC_7_0_4.txt_0.3;7068;6.69688;1;
BPPC_5_0_5.txt_0.1;7776;0.00837588;1;
BPPC_5_0_2.txt_0.3;4322;0.000880957;1;
BPPC_8_0_6.txt_0.7;3323;0.0519671;1;
BPPC_4_0_8.txt_0.8;697;0.13793;1;
BPPC_8_0_7.txt_0.7;3420;0.0444391;1;
BPPC_5_0_2.txt_0.7;1956;0.000183105;1;
BPPC_3_0_9.txt_0.7;751;0.0492861;1;
BPPC_3_0_10.txt_0.4;0;0;0;
BPPC_7_0_5.txt_0.5;4568;0.0333989;1;
BPPC_6_0_2.txt_0.9;1529;0.000128984;1;
BPPC_1_0_8.txt_0.2;1600;0.143124;1;
BPPC_1_0_5.txt_0.8;418;0.000200987;1;
BPPC_3_0_7.txt_0.6;938;0.176027;1;
BPPC_7_0_8.txt_0.4;5308;0.330108;1;
BPPC_7_0_7.txt_0.4;5474;0.305587;1;
BPPC_2_0_6.txt_0.2;0;0;0;
BPPC_3_0_3.txt_0.5;1101;2.26472;1;
BPPC_2_0_8.txt_0.7;656;0.00145602;1;
BPPC_7_0_9.txt_0.1;0;0;0;
BPPC_1_0_2.txt_0.4;942;0.00473189;1;
BPPC_3_0_5.txt_0.2;0;0;0;
BPPC_8_0_5.txt_0.7;3256;0.0220509;1;
BPPC_2_0_2.txt_0.1;0;0;0;
BPPC_5_0_7.txt_0.5;2839;0.000182867;1;
BPPC_7_0_3.txt_0.4;5405;0.16979;1;
BPPC_5_0_6.txt_0.1;8614;0.00102115;1;
BPPC_3_0_4.txt_0.2;0;0;0;
BPPC_6_0_6.txt_0.9;1642;0.000132799;1;
BPPC_7_0_9.txt_0.9;1740;0.000258207;1;
BPPC_2_0_7.txt_0.3;1517;4.36264;1;
BPPC_5_0_9.txt_0.6;2163;0.000252962;1;
BPPC_7_0_6.txt_0.2;0;0;0;
BPPC_6_0_9.txt_0.1;12473;1.3271;1;
BPPC_8_0_10.txt_0.3;0;0;0;
BPPC_6_0_2.txt_0.5;3424;0.000957012;1;
BPPC_2_0_8.txt_0.5;1000;0.0231199;1;
BPPC_4_0_3.txt_0.9;484;0.00526595;1;
BPPC_3_0_4.txt_0.9;453;0.000871897;1;
BPPC_3_0_6.txt_0.2;0;0;0;
BPPC_6_0_6.txt_0.5;3682;0.00116706;1;
BPPC_6_0_1.txt_0.3;5612;0.0123088;1;
BPPC_8_0_5.txt_0.1;0;0;0;
BPPC_1_0_5.txt_0.3;1291;0.00749493;1;
BPPC_8_0_3.txt_0.8;2495;0.00448108;1;
BPPC_5_0_7.txt_0.9;1249;0.000167131;1;
BPPC_4_0_1.txt_0.7;796;1.27177;1;
BPPC_6_0_1.txt_0.7;2469;0.000564098;1;
BPPC_6_0_7.txt_0.6;2968;0.000953913;1;
BPPC_3_0_8.txt_0.4;0;0;0;
BPPC_2_0_3.txt_0.5;995;0.051831;1;
BPPC_1_0_9.txt_0.2;1830;0.116924;1;
BPPC_1_0_6.txt_0.9;308;0.000246048;1;
BPPC_8_0_3.txt_0.4;0;0;0;
BPPC_3_0_6.txt_0.8;587;0.0106239;1;
BPPC_4_0_9.txt_0.4;0;0;0;
BPPC_5_0_6.txt_0.5;2823;0.000478029;1;
BPPC_2_0_6.txt_0.9;403;0.000626087;1;
BPPC_1_0_4.txt_0.6;609;0.00106096;1;
BPPC_8_0_2.txt_0.2;0;0;0;
BPPC_8_0_1.txt_0.8;2664;0.00492406;1;
BPPC_4_0_10.txt_0.7;830;0.724843;1;
BPPC_5_0_5.txt_0.7;2078;0.000123978;1;
BPPC_1_0_8.txt_0.8;431;0.000221968;1;
BPPC_2_0_10.txt_0.5;913;0.0581572;1;
BPPC_4_0_9.txt_0.8;707;0.097945;1;
BPPC_2_0_4.txt_0.2;0;0;0;
BPPC_8_0_7.txt_0.5;4966;3.84768;1;
BPPC_2_0_4.txt_0.6;774;0.0118139;1;
BPPC_5_0_6.txt_0.4;3511;0.000560999;1;
BPPC_7_0_1.txt_0.4;5485;0.489046;1;
BPPC_4_0_10.txt_0.4;0;0;0;
BPPC_2_0_3.txt_0.4;1232;0.420208;1;
BPPC_3_0_10.txt_0.5;1106;2.46317;1;
BPPC_3_0_3.txt_0.9;433;0.00088191;1;
BPPC_4_0_8.txt_0.3;0;0;0;
BPPC_1_0_7.txt_0.2;1597;0.118306;1;
